date,open,high,low,close
03092024 000000,58519.99000000,58558.25000000,58498.70000000,58498.71000000
03092024 000500,58498.71000000,58539.00000000,58446.07000000,58526.77000000
03092024 001000,58526.77000000,58553.00000000,58460.01000000,58460.01000000
03092024 001500,58460.01000000,58464.00000000,58318.33000000,58404.00000000
03092024 002000,58404.00000000,58430.99000000,58366.03000000,58430.99000000
03092024 002500,58430.98000000,58497.00000000,58402.00000000,58486.01000000
03092024 003000,58486.01000000,58486.01000000,58415.23000000,58415.23000000
03092024 003500,58415.24000000,58472.00000000,58402.00000000,58472.00000000
03092024 004000,58471.99000000,58559.00000000,58456.16000000,58502.01000000
03092024 004500,58502.01000000,58521.00000000,58490.00000000,58494.02000000
03092024 005000,58494.02000000,58494.02000000,58468.02000000,58474.29000000
03092024 005500,58474.29000000,58520.98000000,58474.29000000,58520.98000000
03092024 010000,58520.97000000,58520.98000000,58478.00000000,58498.99000000
03092024 010500,58499.00000000,58538.00000000,58399.00000000,58437.00000000
03092024 011000,58437.00000000,58445.94000000,58390.39000000,58440.99000000
03092024 011500,58440.99000000,58469.91000000,58432.00000000,58447.00000000
03092024 012000,58447.01000000,58466.67000000,58428.00000000,58449.69000000
03092024 012500,58449.68000000,58460.00000000,58411.10000000,58439.99000000
03092024 013000,58440.03000000,58469.91000000,58384.61000000,58384.62000000
03092024 013500,58384.61000000,58478.22000000,58384.61000000,58458.01000000
03092024 014000,58458.01000000,58555.55000000,58458.00000000,58537.01000000
03092024 014500,58537.00000000,58571.00000000,58537.00000000,58570.99000000
03092024 015000,58571.00000000,58574.72000000,58541.10000000,58551.00000000
03092024 015500,58551.00000000,58573.00000000,58514.00000000,58520.00000000
03092024 020000,58520.01000000,58654.03000000,58507.00000000,58637.94000000
03092024 020500,58637.95000000,58651.00000000,58572.98000000,58574.01000000
03092024 021000,58574.00000000,58629.99000000,58558.00000000,58612.05000000
03092024 021500,58612.05000000,58621.00000000,58595.00000000,58620.99000000
03092024 022000,58621.00000000,59122.07000000,58620.99000000,59096.99000000
03092024 022500,59096.99000000,59243.00000000,58934.00000000,58992.00000000
03092024 023000,58992.01000000,59240.00000000,58992.00000000,59211.10000000
03092024 023500,59211.09000000,59273.73000000,59054.81000000,59133.99000000
03092024 024000,59134.00000000,59240.15000000,59133.99000000,59225.63000000
03092024 024500,59225.63000000,59235.53000000,59134.16000000,59208.44000000
03092024 025000,59208.44000000,59259.00000000,59144.50000000,59258.99000000
03092024 025500,59259.00000000,59274.00000000,59215.79000000,59273.99000000
03092024 030000,59273.99000000,59274.32000000,59223.43000000,59232.00000000
03092024 030500,59232.01000000,59232.01000000,59064.62000000,59069.78000000
03092024 031000,59069.78000000,59123.00000000,59019.17000000,59099.56000000
03092024 031500,59099.56000000,59099.56000000,58929.04000000,58929.04000000
03092024 032000,58929.04000000,59002.95000000,58875.03000000,58989.01000000
03092024 032500,58989.00000000,59133.17000000,58976.43000000,59047.00000000
03092024 033000,59047.00000000,59142.00000000,59008.81000000,59125.00000000
03092024 033500,59124.00000000,59165.92000000,59084.55000000,59146.99000000
03092024 034000,59147.00000000,59162.95000000,59080.00000000,59080.99000000
03092024 034500,59080.99000000,59121.00000000,59045.00000000,59075.99000000
03092024 035000,59075.99000000,59187.00000000,59075.99000000,59183.99000000
03092024 035500,59184.00000000,59220.00000000,59177.00000000,59220.00000000
03092024 040000,59220.00000000,59220.00000000,59110.10000000,59150.00000000
03092024 040500,59150.00000000,59169.00000000,59122.76000000,59123.01000000
03092024 041000,59123.00000000,59257.00000000,59101.25000000,59239.72000000
03092024 041500,59239.73000000,59267.00000000,59224.00000000,59262.99000000
03092024 042000,59262.99000000,59267.00000000,59226.16000000,59226.16000000
03092024 042500,59226.17000000,59350.00000000,59215.49000000,59349.99000000
03092024 043000,59349.99000000,59425.69000000,59255.55000000,59283.99000000
03092024 043500,59284.00000000,59353.00000000,59251.00000000,59345.00000000
03092024 044000,59345.01000000,59345.01000000,59243.00000000,59252.00000000
03092024 044500,59252.00000000,59280.00000000,59215.86000000,59268.01000000
03092024 045000,59268.00000000,59291.00000000,59198.01000000,59211.99000000
03092024 045500,59212.00000000,59220.00000000,59073.00000000,59088.99000000
03092024 050000,59089.00000000,59193.00000000,59087.00000000,59179.99000000
03092024 050500,59180.00000000,59185.00000000,59143.00000000,59156.99000000
03092024 051000,59156.99000000,59166.00000000,59115.00000000,59166.00000000
03092024 051500,59166.00000000,59171.10000000,59147.00000000,59160.50000000
03092024 052000,59160.51000000,59160.51000000,59080.38000000,59127.65000000
03092024 052500,59127.65000000,59150.00000000,59081.10000000,59132.13000000
03092024 053000,59132.12000000,59145.00000000,59069.75000000,59105.92000000
03092024 053500,59105.92000000,59129.55000000,59064.00000000,59089.00000000
03092024 054000,59089.00000000,59129.55000000,59086.00000000,59108.01000000
03092024 054500,59108.01000000,59127.36000000,59051.10000000,59127.35000000
03092024 055000,59127.35000000,59127.36000000,59021.62000000,59106.96000000
03092024 055500,59106.97000000,59147.83000000,59093.11000000,59129.04000000
03092024 060000,59129.03000000,59184.22000000,59129.03000000,59163.00000000
03092024 060500,59163.00000000,59163.00000000,59049.00000000,59128.92000000
03092024 061000,59128.91000000,59130.00000000,59097.00000000,59130.00000000
03092024 061500,59129.99000000,59156.00000000,59122.00000000,59155.01000000
03092024 062000,59155.00000000,59187.00000000,59155.00000000,59179.00000000
03092024 062500,59179.00000000,59258.00000000,59179.00000000,59257.99000000
03092024 063000,59258.00000000,59300.99000000,59219.70000000,59300.99000000
03092024 063500,59301.00000000,59405.00000000,59300.99000000,59375.01000000
03092024 064000,59375.00000000,59406.57000000,59270.00000000,59270.00000000
03092024 064500,59270.01000000,59325.55000000,59239.13000000,59239.13000000
03092024 065000,59239.13000000,59280.00000000,59203.00000000,59213.68000000
03092024 065500,59213.67000000,59268.69000000,59213.67000000,59262.00000000
03092024 070000,59262.00000000,59289.00000000,59253.00000000,59268.01000000
03092024 070500,59268.00000000,59276.00000000,59198.00000000,59198.01000000
03092024 071000,59198.00000000,59212.00000000,59195.50000000,59212.00000000
03092024 071500,59212.00000000,59318.48000000,59195.41000000,59301.98000000
03092024 072000,59301.99000000,59381.86000000,59267.00000000,59374.25000000
03092024 072500,59374.25000000,59403.99000000,59336.91000000,59388.01000000
03092024 073000,59388.01000000,59500.00000000,59347.00000000,59463.18000000
03092024 073500,59463.18000000,59660.02000000,59382.05000000,59651.79000000
03092024 074000,59651.53000000,59807.42000000,59582.10000000,59764.00000000
03092024 074500,59763.99000000,59809.65000000,59682.00000000,59709.12000000
03092024 075000,59709.11000000,59735.00000000,59638.70000000,59645.99000000
03092024 075500,59645.99000000,59679.00000000,59565.00000000,59581.10000000
03092024 080000,59581.10000000,59649.00000000,59581.10000000,59606.01000000
03092024 080500,59606.00000000,59606.01000000,59491.95000000,59510.01000000
03092024 081000,59510.00000000,59516.63000000,59405.15000000,59450.01000000
03092024 081500,59450.02000000,59459.93000000,59419.00000000,59459.93000000
03092024 082000,59459.93000000,59490.00000000,59383.00000000,59389.98000000
03092024 082500,59389.99000000,59396.00000000,59300.00000000,59311.01000000
03092024 083000,59311.01000000,59327.71000000,59281.22000000,59289.83000000
03092024 083500,59289.83000000,59323.00000000,59238.00000000,59268.00000000
03092024 084000,59268.00000000,59300.00000000,59250.45000000,59289.99000000
03092024 084500,59289.99000000,59319.97000000,59254.36000000,59319.96000000
03092024 085000,59319.97000000,59319.97000000,59254.38000000,59258.32000000
03092024 085500,59258.31000000,59258.32000000,59126.65000000,59126.65000000
03092024 090000,59126.66000000,59188.82000000,59126.65000000,59177.00000000
03092024 090500,59176.99000000,59196.00000000,59145.00000000,59176.73000000
03092024 091000,59176.73000000,59184.60000000,59145.00000000,59150.99000000
03092024 091500,59151.00000000,59183.50000000,59138.00000000,59153.00000000
03092024 092000,59153.01000000,59153.01000000,59112.00000000,59112.01000000
03092024 092500,59112.00000000,59112.01000000,59041.86000000,59110.99000000
03092024 093000,59111.00000000,59154.50000000,59097.18000000,59154.50000000
03092024 093500,59154.49000000,59178.00000000,59065.93000000,59093.21000000
03092024 094000,59093.21000000,59136.00000000,59093.21000000,59106.01000000
03092024 094500,59106.00000000,59155.43000000,59099.00000000,59150.00000000
03092024 095000,59150.00000000,59150.01000000,59086.01000000,59086.01000000
03092024 095500,59086.01000000,59127.99000000,59076.00000000,59127.97000000
03092024 100000,59127.98000000,59200.00000000,59118.00000000,59195.50000000
03092024 100500,59195.49000000,59232.09000000,59195.49000000,59220.99000000
03092024 101000,59220.99000000,59231.10000000,59190.00000000,59218.00000000
03092024 101500,59217.99000000,59236.00000000,59185.00000000,59185.00000000
03092024 102000,59185.00000000,59185.01000000,59031.04000000,59047.99000000
03092024 102500,59048.00000000,59100.00000000,59003.99000000,59099.01000000
03092024 103000,59099.00000000,59099.01000000,58988.00000000,58996.00000000
03092024 103500,58996.00000000,59201.11000000,58994.69000000,59169.00000000
03092024 104000,59169.00000000,59250.26000000,59169.00000000,59248.00000000
03092024 104500,59247.99000000,59259.00000000,59221.10000000,59221.10000000
03092024 105000,59221.10000000,59259.00000000,59205.60000000,59236.45000000
03092024 105500,59236.45000000,59239.00000000,59209.38000000,59238.99000000
03092024 110000,59238.99000000,59246.00000000,59212.80000000,59213.15000000
03092024 110500,59213.15000000,59217.00000000,59182.00000000,59193.21000000
03092024 111000,59193.21000000,59224.97000000,59161.25000000,59162.03000000
03092024 111500,59162.03000000,59181.00000000,59145.00000000,59177.99000000
03092024 112000,59177.99000000,59206.75000000,59177.99000000,59189.99000000
03092024 112500,59190.00000000,59208.70000000,59175.00000000,59186.00000000
03092024 113000,59186.00000000,59186.00000000,58945.00000000,59023.00000000
03092024 113500,59023.00000000,59047.00000000,58922.53000000,59005.19000000
03092024 114000,59005.19000000,59005.20000000,58959.99000000,58968.99000000
03092024 114500,58968.98000000,59017.00000000,58965.73000000,59017.00000000
03092024 115000,59017.00000000,59019.33000000,58916.12000000,58959.99000000
03092024 115500,58960.00000000,58994.00000000,58872.00000000,58982.01000000
03092024 120000,58982.01000000,59024.00000000,58937.03000000,58937.03000000
03092024 120500,58937.02000000,58957.00000000,58917.00000000,58947.01000000
03092024 121000,58947.01000000,58995.79000000,58932.42000000,58985.99000000
03092024 121500,58985.99000000,58987.10000000,58940.49000000,58940.49000000
03092024 122000,58940.49000000,58961.00000000,58889.99000000,58889.99000000
03092024 122500,58889.99000000,58913.17000000,58873.91000000,58891.00000000
03092024 123000,58891.01000000,58976.00000000,58891.00000000,58976.00000000
03092024 123500,58976.00000000,59000.00000000,58958.13000000,58972.02000000
03092024 124000,58972.01000000,58972.02000000,58880.57000000,58923.00000000
03092024 124500,58923.00000000,58971.00000000,58922.00000000,58950.00000000
03092024 125000,58950.00000000,58997.09000000,58950.00000000,58981.11000000
03092024 125500,58981.10000000,59000.00000000,58954.00000000,58955.01000000
03092024 130000,58955.00000000,59000.00000000,58955.00000000,59000.00000000
03092024 130500,58999.99000000,59080.05000000,58991.99000000,59064.01000000
03092024 131000,59064.00000000,59126.57000000,59052.00000000,59101.00000000
03092024 131500,59101.01000000,59140.35000000,59071.20000000,59080.00000000
03092024 132000,59080.01000000,59100.00000000,59080.00000000,59100.00000000
03092024 132500,59099.99000000,59136.74000000,59095.01000000,59112.00000000
03092024 133000,59112.01000000,59136.58000000,59086.45000000,59105.83000000
03092024 133500,59105.83000000,59133.00000000,59105.57000000,59108.00000000
03092024 134000,59108.01000000,59108.01000000,59067.03000000,59067.03000000
03092024 134500,59067.03000000,59074.00000000,59046.00000000,59051.99000000
03092024 135000,59052.00000000,59113.57000000,59025.00000000,59080.01000000
03092024 135500,59080.00000000,59080.01000000,59031.35000000,59031.35000000
03092024 140000,59031.35000000,59031.36000000,58927.00000000,58927.01000000
03092024 140500,58927.00000000,58935.00000000,58737.00000000,58811.99000000
03092024 141000,58812.00000000,58827.91000000,58717.00000000,58788.01000000
03092024 141500,58788.01000000,58860.00000000,58732.00000000,58852.00000000
03092024 142000,58852.00000000,58852.01000000,58799.00000000,58838.99000000
03092024 142500,58838.99000000,58838.99000000,58783.46000000,58789.02000000
03092024 143000,58789.01000000,58857.66000000,58783.00000000,58857.65000000
03092024 143500,58857.64000000,58858.00000000,58805.71000000,58857.99000000
03092024 144000,58857.99000000,58857.99000000,58808.01000000,58809.00000000
03092024 144500,58809.00000000,58851.00000000,58800.00000000,58850.99000000
03092024 145000,58850.99000000,58920.01000000,58850.00000000,58920.01000000
03092024 145500,58920.00000000,58930.01000000,58873.39000000,58876.01000000
03092024 150000,58876.01000000,58961.50000000,58846.00000000,58940.20000000
03092024 150500,58940.00000000,58940.00000000,58912.00000000,58912.00000000
03092024 151000,58912.00000000,58912.01000000,58877.01000000,58877.02000000
03092024 151500,58877.01000000,58947.00000000,58864.51000000,58925.58000000
03092024 152000,58925.58000000,58955.98000000,58908.00000000,58923.00000000
03092024 152500,58923.00000000,58923.01000000,58874.00000000,58874.00000000
03092024 153000,58874.01000000,58937.00000000,58836.87000000,58925.59000000
03092024 153500,58925.59000000,58927.67000000,58879.00000000,58879.00000000
03092024 154000,58879.00000000,58927.17000000,58879.00000000,58927.17000000
03092024 154500,58927.18000000,59020.63000000,58908.00000000,59010.00000000
03092024 155000,59010.01000000,59070.01000000,59010.00000000,59030.00000000
03092024 155500,59030.00000000,59195.63000000,59030.00000000,59181.00000000
03092024 160000,59180.99000000,59185.00000000,59102.00000000,59132.00000000
03092024 160500,59132.00000000,59132.01000000,59047.36000000,59054.99000000
03092024 161000,59054.99000000,59073.18000000,59036.80000000,59063.99000000
03092024 161500,59064.00000000,59064.00000000,58950.00000000,59014.99000000
03092024 162000,59014.99000000,59050.00000000,58995.65000000,59049.99000000
03092024 162500,59050.00000000,59080.47000000,59049.99000000,59078.94000000
03092024 163000,59078.94000000,59104.04000000,59042.47000000,59050.01000000
03092024 163500,59050.00000000,59050.00000000,58951.00000000,58981.10000000
03092024 164000,58981.10000000,59003.99000000,58954.00000000,59003.99000000
03092024 164500,59004.00000000,59040.00000000,59004.00000000,59035.01000000
03092024 165000,59035.02000000,59069.71000000,59027.00000000,59055.81000000
03092024 165500,59055.81000000,59058.00000000,59031.10000000,59053.99000000
03092024 170000,59053.99000000,59106.01000000,59053.99000000,59071.01000000
03092024 170500,59071.01000000,59071.01000000,59024.47000000,59024.48000000
03092024 171000,59024.48000000,59074.00000000,59019.00000000,59024.99000000
03092024 171500,59024.99000000,59025.00000000,58981.00000000,59016.00000000
03092024 172000,59016.00000000,59075.62000000,59015.99000000,59065.00000000
03092024 172500,59064.99000000,59086.00000000,59056.52000000,59072.00000000
03092024 173000,59072.01000000,59146.00000000,59057.34000000,59107.99000000
03092024 173500,59107.99000000,59200.00000000,59097.00000000,59189.07000000
03092024 174000,59189.07000000,59189.07000000,59118.10000000,59158.00000000
03092024 174500,59158.00000000,59194.00000000,59105.00000000,59190.00000000
03092024 175000,59189.99000000,59245.99000000,59189.99000000,59244.00000000
03092024 175500,59244.01000000,59254.81000000,59209.00000000,59218.98000000
03092024 180000,59218.98000000,59312.94000000,59212.00000000,59299.00000000
03092024 180500,59298.00000000,59350.00000000,59251.10000000,59274.00000000
03092024 181000,59274.00000000,59284.00000000,59213.12000000,59238.00000000
03092024 181500,59237.99000000,59238.00000000,59156.00000000,59193.99000000
03092024 182000,59193.99000000,59254.00000000,59186.04000000,59245.95000000
03092024 182500,59245.95000000,59245.96000000,59135.00000000,59135.01000000
03092024 183000,59135.01000000,59217.54000000,59135.01000000,59217.54000000
03092024 183500,59217.54000000,59320.14000000,59217.53000000,59230.96000000
03092024 184000,59230.95000000,59307.76000000,59230.95000000,59304.00000000
03092024 184500,59304.00000000,59304.01000000,59174.19000000,59206.01000000
03092024 185000,59206.01000000,59247.00000000,59188.00000000,59226.00000000
03092024 185500,59226.00000000,59226.01000000,59101.00000000,59122.58000000
03092024 190000,59122.59000000,59139.98000000,58789.93000000,58861.99000000
03092024 190500,58861.99000000,58881.10000000,58536.01000000,58620.01000000
03092024 191000,58620.01000000,58686.99000000,58500.00000000,58628.26000000
03092024 191500,58628.25000000,58628.25000000,58392.41000000,58444.00000000
03092024 192000,58444.00000000,58461.10000000,58239.63000000,58277.99000000
03092024 192500,58278.00000000,58400.00000000,58198.28000000,58398.99000000
03092024 193000,58398.99000000,58398.99000000,58150.02000000,58220.00000000
03092024 193500,58220.00000000,58229.00000000,58078.94000000,58196.95000000
03092024 194000,58196.96000000,58200.00000000,57884.00000000,57897.01000000
03092024 194500,57897.01000000,57980.99000000,57761.10000000,57927.01000000
03092024 195000,57927.00000000,58084.73000000,57840.00000000,58030.01000000
03092024 195500,58030.01000000,58135.00000000,57933.00000000,58043.00000000
03092024 200000,58043.00000000,58043.01000000,57783.40000000,57875.00000000
03092024 200500,57874.01000000,57972.82000000,57830.00000000,57868.02000000
03092024 201000,57868.01000000,57969.99000000,57853.00000000,57896.00000000
03092024 201500,57895.00000000,57924.79000000,57568.00000000,57731.00000000
03092024 202000,57731.00000000,57763.96000000,57588.00000000,57616.88000000
03092024 202500,57616.89000000,57751.99000000,57588.00000000,57672.84000000
03092024 203000,57672.84000000,57779.00000000,57630.00000000,57740.00000000
03092024 203500,57740.00000000,57920.00000000,57674.00000000,57875.88000000
03092024 204000,57875.89000000,57968.00000000,57828.00000000,57968.00000000
03092024 204500,57968.00000000,58018.00000000,57824.00000000,57834.01000000
03092024 205000,57834.01000000,57844.00000000,57700.00000000,57750.01000000
03092024 205500,57750.00000000,57843.03000000,57750.00000000,57784.00000000
03092024 210000,57784.01000000,57860.68000000,57721.10000000,57822.00000000
03092024 210500,57822.01000000,57897.00000000,57800.00000000,57806.00000000
03092024 211000,57805.99000000,57805.99000000,57651.12000000,57690.00000000
03092024 211500,57690.00000000,57787.00000000,57690.00000000,57732.99000000
03092024 212000,57733.00000000,57777.00000000,57632.03000000,57777.00000000
03092024 212500,57776.99000000,57800.00000000,57646.00000000,57725.00000000
03092024 213000,57725.01000000,57857.15000000,57707.25000000,57761.11000000
03092024 213500,57761.11000000,57811.10000000,57683.98000000,57731.11000000
03092024 214000,57731.10000000,57830.00000000,57691.10000000,57826.00000000
03092024 214500,57826.00000000,57924.00000000,57812.00000000,57880.00000000
03092024 215000,57880.00000000,57916.25000000,57834.00000000,57835.99000000
03092024 215500,57835.99000000,57840.00000000,57688.00000000,57737.99000000
03092024 220000,57737.99000000,57771.00000000,57680.08000000,57768.01000000
03092024 220500,57768.01000000,57789.00000000,57702.00000000,57768.54000000
03092024 221000,57768.55000000,57790.17000000,57655.81000000,57725.99000000
03092024 221500,57726.00000000,57830.00000000,57721.10000000,57789.00000000
03092024 222000,57789.00000000,57821.10000000,57680.00000000,57716.99000000
03092024 222500,57717.00000000,57794.00000000,57702.00000000,57708.00000000
03092024 223000,57707.99000000,57765.00000000,57680.00000000,57714.40000000
03092024 223500,57714.40000000,57790.02000000,57714.39000000,57728.95000000
03092024 224000,57728.95000000,57790.02000000,57680.00000000,57698.00000000
03092024 224500,57698.00000000,57807.00000000,57692.00000000,57786.00000000
03092024 225000,57786.01000000,57907.00000000,57786.01000000,57907.00000000
03092024 225500,57906.99000000,58034.00000000,57900.00000000,58028.00000000
03092024 230000,58028.00000000,58100.00000000,57909.22000000,57937.00000000
03092024 230500,57937.00000000,58005.99000000,57847.00000000,58005.99000000
03092024 231000,58005.99000000,58005.99000000,57908.73000000,57908.74000000
03092024 231500,57908.74000000,57981.00000000,57887.00000000,57950.99000000
03092024 232000,57951.00000000,57985.00000000,57824.00000000,57846.16000000
03092024 232500,57846.16000000,57861.10000000,57693.87000000,57698.00000000
03092024 233000,57698.00000000,57734.82000000,57589.01000000,57623.00000000
03092024 233500,57623.01000000,57732.00000000,57606.00000000,57708.00000000
03092024 234000,57708.00000000,57819.99000000,57707.99000000,57776.00000000
03092024 234500,57776.00000000,57842.91000000,57776.00000000,57835.00000000
03092024 235000,57835.56000000,57897.00000000,57792.00000000,57802.88000000
03092024 235500,57802.87000000,57945.93000000,57790.00000000,57897.95000000
04092024 000000,57897.95000000,58033.00000000,57886.00000000,57988.00000000
04092024 000500,57987.99000000,58018.00000000,57944.00000000,58004.57000000
04092024 001000,58004.57000000,58055.00000000,57962.61000000,58039.99000000
04092024 001500,58040.00000000,58050.00000000,57994.00000000,57994.01000000
04092024 002000,57994.00000000,58035.01000000,57940.00000000,57986.99000000
04092024 002500,57987.00000000,58010.00000000,57911.10000000,57926.00000000
04092024 003000,57925.99000000,58007.00000000,57912.01000000,58006.99000000
04092024 003500,58007.00000000,58070.00000000,58007.00000000,58044.99000000
04092024 004000,58044.99000000,58157.00000000,58012.00000000,58141.11000000
04092024 004500,58141.10000000,58142.86000000,58069.99000000,58142.86000000
04092024 005000,58142.86000000,58251.09000000,58142.86000000,58158.93000000
04092024 005500,58158.92000000,58158.93000000,58004.00000000,58004.00000000
04092024 010000,58004.01000000,58049.40000000,57920.75000000,57940.01000000
04092024 010500,57940.01000000,57945.00000000,57871.10000000,57938.03000000
04092024 011000,57938.03000000,57963.64000000,57860.00000000,57952.00000000
04092024 011500,57952.00000000,57986.52000000,57852.00000000,57986.52000000
04092024 012000,57986.52000000,58044.00000000,57985.00000000,58024.99000000
04092024 012500,58024.98000000,58102.05000000,58002.00000000,58046.00000000
04092024 013000,58045.99000000,58161.00000000,58045.99000000,58123.00000000
04092024 013500,58123.01000000,58181.10000000,58095.00000000,58180.99000000
04092024 014000,58181.00000000,58193.18000000,58137.00000000,58186.00000000
04092024 014500,58186.00000000,58209.00000000,58133.09000000,58159.01000000
04092024 015000,58159.00000000,58247.00000000,58154.00000000,58165.00000000
04092024 015500,58165.00000000,58177.00000000,58136.00000000,58146.00000000
04092024 020000,58146.00000000,58226.00000000,58146.00000000,58190.00000000
04092024 020500,58189.99000000,58206.75000000,58161.11000000,58187.10000000
04092024 021000,58187.10000000,58187.10000000,58080.00000000,58134.00000000
04092024 021500,58134.00000000,58134.01000000,58080.00000000,58084.00000000
04092024 022000,58083.99000000,58161.00000000,58066.00000000,58160.99000000
04092024 022500,58160.99000000,58234.79000000,58160.99000000,58228.00000000
04092024 023000,58228.01000000,58238.00000000,58173.91000000,58174.00000000
04092024 023500,58174.00000000,58186.36000000,58140.00000000,58167.00000000
04092024 024000,58167.00000000,58206.75000000,58152.01000000,58152.01000000
04092024 024500,58152.01000000,58185.00000000,58111.00000000,58111.00000000
04092024 025000,58111.01000000,58111.01000000,58053.99000000,58053.99000000
04092024 025500,58053.99000000,58072.00000000,57957.50000000,57997.27000000
04092024 030000,57997.28000000,58023.00000000,57969.86000000,58022.99000000
04092024 030500,58022.99000000,58039.46000000,58000.00000000,58000.00000000
04092024 031000,58000.01000000,58079.00000000,58000.01000000,58013.00000000
04092024 031500,58013.01000000,58110.00000000,58013.00000000,58041.51000000
04092024 032000,58041.51000000,58070.00000000,58017.00000000,58070.00000000
04092024 032500,58070.00000000,58141.00000000,58069.99000000,58134.61000000
04092024 033000,58134.61000000,58183.68000000,58100.00000000,58154.55000000
04092024 033500,58154.55000000,58167.00000000,57974.00000000,58003.98000000
04092024 034000,58003.99000000,58017.00000000,57932.00000000,58001.51000000
04092024 034500,58001.52000000,58032.98000000,57952.00000000,58032.97000000
04092024 035000,58032.98000000,58062.12000000,57996.00000000,58016.04000000
04092024 035500,58016.04000000,58016.04000000,57942.00000000,57965.01000000
04092024 040000,57965.01000000,57985.00000000,57932.00000000,57935.00000000
04092024 040500,57935.00000000,57943.00000000,57877.00000000,57887.97000000
04092024 041000,57887.96000000,57918.00000000,57880.00000000,57881.00000000
04092024 041500,57881.00000000,57910.00000000,57880.00000000,57902.00000000
04092024 042000,57902.01000000,57902.01000000,57870.00000000,57880.00000000
04092024 042500,57880.01000000,57890.00000000,57863.99000000,57865.00000000
04092024 043000,57865.00000000,57899.00000000,57790.12000000,57817.99000000
04092024 043500,57818.00000000,57818.00000000,57734.69000000,57735.98000000
04092024 044000,57735.99000000,57788.00000000,57719.89000000,57788.00000000
04092024 044500,57788.00000000,57793.00000000,57741.10000000,57778.49000000
04092024 045000,57778.48000000,57811.10000000,57748.00000000,57755.00000000
04092024 045500,57755.00000000,57755.00000000,57663.00000000,57663.00000000
04092024 050000,57663.01000000,57721.44000000,57663.01000000,57695.70000000
04092024 050500,57695.70000000,57695.70000000,57658.00000000,57688.00000000
04092024 051000,57687.99000000,57743.99000000,57682.87000000,57743.99000000
04092024 051500,57744.00000000,57744.00000000,57650.00000000,57650.00000000
04092024 052000,57650.00000000,57699.15000000,57415.00000000,57470.95000000
04092024 052500,57468.01000000,57543.52000000,57423.00000000,57487.73000000
04092024 053000,57487.74000000,57671.27000000,57467.00000000,57658.00000000
04092024 053500,57658.00000000,57765.00000000,57658.00000000,57738.01000000
04092024 054000,57738.00000000,57818.00000000,57711.00000000,57786.00000000
04092024 054500,57786.00000000,57943.53000000,57776.00000000,57921.10000000
04092024 055000,57921.10000000,57931.82000000,57888.00000000,57929.01000000
04092024 055500,57929.01000000,57929.01000000,57782.27000000,57808.01000000
04092024 060000,57808.01000000,57918.00000000,57790.00000000,57896.00000000
04092024 060500,57895.99000000,57896.00000000,57690.00000000,57738.65000000
04092024 061000,57738.65000000,57747.00000000,57664.00000000,57724.01000000
04092024 061500,57724.00000000,57853.00000000,57688.00000000,57812.00000000
04092024 062000,57812.00000000,57830.00000000,57597.41000000,57606.01000000
04092024 062500,57606.01000000,57606.01000000,57100.00000000,57140.02000000
04092024 063000,57140.02000000,57161.06000000,55646.01000000,55657.13000000
04092024 063500,55657.14000000,56210.00000000,55606.00000000,56040.01000000
04092024 064000,56040.00000000,56219.67000000,55891.10000000,56202.01000000
04092024 064500,56202.01000000,56262.11000000,56043.90000000,56121.11000000
04092024 065000,56121.11000000,56388.00000000,56120.00000000,56376.00000000
04092024 065500,56376.00000000,56521.00000000,56376.00000000,56419.98000000
04092024 070000,56419.98000000,56550.00000000,56367.00000000,56539.12000000
04092024 070500,56539.11000000,56688.00000000,56539.11000000,56684.00000000
04092024 071000,56684.00000000,56911.09000000,56678.43000000,56805.62000000
04092024 071500,56805.61000000,56910.01000000,56775.00000000,56882.11000000
04092024 072000,56882.11000000,56923.65000000,56784.00000000,56814.47000000
04092024 072500,56814.47000000,56846.00000000,56756.00000000,56784.01000000
04092024 073000,56784.01000000,56823.00000000,56581.10000000,56581.10000000
04092024 073500,56581.11000000,56730.00000000,56520.35000000,56632.00000000
04092024 074000,56632.01000000,56704.00000000,56607.36000000,56654.01000000
04092024 074500,56654.00000000,56768.00000000,56639.71000000,56647.00000000
04092024 075000,56647.00000000,56727.00000000,56605.00000000,56696.58000000
04092024 075500,56696.57000000,56745.00000000,56604.00000000,56610.01000000
04092024 080000,56610.01000000,56706.00000000,56610.00000000,56692.00000000
04092024 080500,56691.99000000,56719.80000000,56628.00000000,56708.00000000
04092024 081000,56708.00000000,56752.75000000,56703.00000000,56712.00000000
04092024 081500,56712.00000000,56767.00000000,56681.27000000,56710.02000000
04092024 082000,56710.01000000,56755.99000000,56660.16000000,56718.21000000
04092024 082500,56718.20000000,56726.43000000,56641.10000000,56648.01000000
04092024 083000,56648.01000000,56801.00000000,56618.00000000,56786.01000000
04092024 083500,56786.00000000,56792.00000000,56718.00000000,56792.00000000
04092024 084000,56792.00000000,56815.00000000,56736.37000000,56761.10000000
04092024 084500,56761.10000000,56809.00000000,56724.01000000,56809.00000000
04092024 085000,56808.99000000,56821.00000000,56742.00000000,56785.00000000
04092024 085500,56784.99000000,56820.00000000,56769.00000000,56820.00000000
04092024 090000,56819.99000000,56820.00000000,56785.00000000,56797.01000000
04092024 090500,56797.01000000,56850.00000000,56731.10000000,56766.00000000
04092024 091000,56766.01000000,56804.00000000,56717.58000000,56724.01000000
04092024 091500,56724.00000000,56751.10000000,56704.00000000,56734.01000000
04092024 092000,56734.00000000,56775.71000000,56706.00000000,56716.00000000
04092024 092500,56716.00000000,56716.01000000,56622.77000000,56653.98000000
04092024 093000,56653.99000000,56687.49000000,56638.00000000,56687.49000000
04092024 093500,56687.49000000,56697.00000000,56637.89000000,56676.99000000
04092024 094000,56676.99000000,56700.00000000,56660.93000000,56700.00000000
04092024 094500,56700.00000000,56700.00000000,56645.00000000,56646.99000000
04092024 095000,56646.98000000,56651.00000000,56591.10000000,56591.11000000
04092024 095500,56591.11000000,56624.99000000,56559.15000000,56568.55000000
04092024 100000,56568.55000000,56631.00000000,56568.00000000,56630.99000000
04092024 100500,56630.99000000,56668.43000000,56618.00000000,56668.43000000
04092024 101000,56668.42000000,56677.00000000,56660.00000000,56660.01000000
04092024 101500,56660.01000000,56690.00000000,56630.66000000,56689.99000000
04092024 102000,56690.00000000,56728.00000000,56674.00000000,56725.01000000
04092024 102500,56725.01000000,56725.01000000,56686.00000000,56694.00000000
04092024 103000,56694.00000000,56694.00000000,56599.00000000,56599.01000000
04092024 103500,56599.00000000,56629.00000000,56562.26000000,56606.99000000
04092024 104000,56607.00000000,56631.00000000,56561.10000000,56561.11000000
04092024 104500,56561.11000000,56561.11000000,56474.45000000,56510.00000000
04092024 105000,56510.00000000,56515.00000000,56458.50000000,56478.45000000
04092024 105500,56478.45000000,56546.32000000,56478.45000000,56500.00000000
04092024 110000,56500.00000000,56511.00000000,56401.13000000,56401.72000000
04092024 110500,56401.71000000,56410.00000000,56317.58000000,56322.99000000
04092024 111000,56322.99000000,56416.00000000,56262.11000000,56411.69000000
04092024 111500,56411.68000000,56415.00000000,56309.00000000,56312.99000000
04092024 112000,56313.00000000,56333.68000000,56201.00000000,56240.00000000
04092024 112500,56240.00000000,56316.00000000,56216.71000000,56252.01000000
04092024 113000,56252.01000000,56379.00000000,56252.00000000,56299.00000000
04092024 113500,56299.01000000,56468.66000000,56275.00000000,56342.51000000
04092024 114000,56343.00000000,56374.00000000,56297.20000000,56299.99000000
04092024 114500,56300.00000000,56330.94000000,56209.99000000,56248.01000000
04092024 115000,56248.01000000,56388.72000000,56232.52000000,56384.02000000
04092024 115500,56384.02000000,56530.01000000,56382.03000000,56496.16000000
04092024 120000,56496.16000000,56496.16000000,56407.00000000,56464.00000000
04092024 120500,56464.00000000,56523.43000000,56434.00000000,56442.17000000
04092024 121000,56442.16000000,56442.17000000,56367.02000000,56402.00000000
04092024 121500,56402.01000000,56450.47000000,56388.01000000,56444.93000000
04092024 122000,56444.92000000,56528.00000000,56423.00000000,56495.01000000
04092024 122500,56495.02000000,56497.83000000,56246.07000000,56277.00000000
04092024 123000,56277.00000000,56377.00000000,56253.00000000,56337.00000000
04092024 123500,56337.00000000,56414.00000000,56300.00000000,56413.99000000
04092024 124000,56413.99000000,56563.99000000,56397.00000000,56502.00000000
04092024 124500,56502.00000000,56641.15000000,56476.26000000,56580.01000000
04092024 125000,56580.01000000,56605.00000000,56480.00000000,56548.70000000
04092024 125500,56548.70000000,56569.01000000,56494.00000000,56517.00000000
04092024 130000,56517.01000000,56616.00000000,56502.00000000,56615.99000000
04092024 130500,56615.99000000,56696.93000000,56598.00000000,56660.99000000
04092024 131000,56660.99000000,56881.00000000,56654.43000000,56840.00000000
04092024 131500,56840.01000000,56875.00000000,56751.00000000,56819.83000000
04092024 132000,56819.84000000,56819.84000000,56736.97000000,56765.00000000
04092024 132500,56765.00000000,56780.00000000,56728.69000000,56746.00000000
04092024 133000,56746.00000000,56811.00000000,56741.99000000,56802.89000000
04092024 133500,56802.88000000,56802.89000000,56755.15000000,56755.15000000
04092024 134000,56755.16000000,56755.16000000,56668.28000000,56715.69000000
04092024 134500,56715.69000000,56794.00000000,56702.00000000,56793.99000000
04092024 135000,56794.00000000,56804.11000000,56761.10000000,56761.10000000
04092024 135500,56761.10000000,56848.00000000,56754.63000000,56848.00000000
04092024 140000,56847.99000000,56909.94000000,56790.52000000,56796.99000000
04092024 140500,56796.99000000,56809.00000000,56744.89000000,56784.00000000
04092024 141000,56784.01000000,56784.01000000,56704.00000000,56706.21000000
04092024 141500,56706.20000000,56734.00000000,56706.20000000,56712.10000000
04092024 142000,56712.10000000,56749.28000000,56712.10000000,56749.27000000
04092024 142500,56749.28000000,56798.79000000,56749.27000000,56783.01000000
04092024 143000,56783.01000000,56855.00000000,56722.00000000,56845.01000000
04092024 143500,56845.00000000,56845.01000000,56711.24000000,56734.99000000
04092024 144000,56734.99000000,56745.50000000,56710.00000000,56728.88000000
04092024 144500,56728.88000000,56728.88000000,56678.00000000,56678.01000000
04092024 145000,56678.00000000,56750.00000000,56667.02000000,56744.71000000
04092024 145500,56744.71000000,56744.71000000,56723.00000000,56736.75000000
04092024 150000,56736.75000000,56754.00000000,56709.00000000,56721.10000000
04092024 150500,56721.09000000,56721.10000000,56652.70000000,56690.99000000
04092024 151000,56691.00000000,56758.35000000,56690.99000000,56752.12000000
04092024 151500,56752.11000000,56800.00000000,56700.00000000,56700.00000000
04092024 152000,56700.00000000,56700.00000000,56618.00000000,56618.01000000
04092024 152500,56618.00000000,56643.00000000,56570.00000000,56596.99000000
04092024 153000,56596.99000000,56630.00000000,56583.54000000,56630.00000000
04092024 153500,56629.99000000,56659.00000000,56526.67000000,56534.00000000
04092024 154000,56534.00000000,56559.00000000,56469.38000000,56552.00000000
04092024 154500,56552.01000000,56580.00000000,56470.18000000,56488.00000000
04092024 155000,56488.00000000,56521.00000000,56453.00000000,56519.01000000
04092024 155500,56519.01000000,56661.00000000,56519.01000000,56618.99000000
04092024 160000,56619.00000000,56710.47000000,56570.04000000,56592.00000000
04092024 160500,56591.99000000,56605.00000000,56550.00000000,56581.10000000
04092024 161000,56581.10000000,56623.00000000,56479.48000000,56519.00000000
04092024 161500,56519.00000000,56566.00000000,56465.00000000,56479.00000000
04092024 162000,56479.00000000,56543.99000000,56455.98000000,56457.00000000
04092024 162500,56457.00000000,56486.12000000,56456.00000000,56456.45000000
04092024 163000,56456.46000000,56529.99000000,56454.73000000,56454.74000000
04092024 163500,56454.74000000,56547.00000000,56454.73000000,56547.00000000
04092024 164000,56547.00000000,56580.00000000,56511.00000000,56515.99000000
04092024 164500,56516.00000000,56557.00000000,56461.00000000,56516.00000000
04092024 165000,56515.99000000,56549.70000000,56498.00000000,56524.00000000
04092024 165500,56524.01000000,56544.82000000,56490.00000000,56530.01000000
04092024 170000,56530.00000000,56670.01000000,56527.00000000,56602.01000000
04092024 170500,56602.00000000,56666.99000000,56602.00000000,56653.99000000
04092024 171000,56653.99000000,56682.32000000,56602.81000000,56628.99000000
04092024 171500,56628.67000000,56628.67000000,56567.01000000,56567.02000000
04092024 172000,56567.02000000,56603.00000000,56559.00000000,56577.99000000
04092024 172500,56577.99000000,56636.00000000,56573.00000000,56573.00000000
04092024 173000,56573.00000000,56659.70000000,56561.00000000,56626.00000000
04092024 173500,56626.00000000,56674.69000000,56580.03000000,56640.00000000
04092024 174000,56640.01000000,56657.00000000,56479.95000000,56503.00000000
04092024 174500,56503.00000000,56570.26000000,56497.31000000,56555.00000000
04092024 175000,56555.01000000,56622.33000000,56539.72000000,56622.33000000
04092024 175500,56622.92000000,56637.90000000,56547.18000000,56631.09000000
04092024 180000,56631.10000000,56655.99000000,56521.10000000,56539.99000000
04092024 180500,56539.99000000,56587.00000000,56527.72000000,56563.01000000
04092024 181000,56563.01000000,56733.25000000,56551.10000000,56732.78000000
04092024 181500,56732.78000000,56763.99000000,56658.00000000,56671.04000000
04092024 182000,56671.03000000,56718.00000000,56652.00000000,56676.64000000
04092024 182500,56676.00000000,56676.00000000,56589.77000000,56599.99000000
04092024 183000,56600.00000000,56637.00000000,56509.48000000,56527.00000000
04092024 183500,56527.00000000,56553.00000000,56480.01000000,56483.65000000
04092024 184000,56483.64000000,56580.02000000,56483.64000000,56524.00000000
04092024 184500,56524.01000000,56578.00000000,56501.10000000,56578.00000000
04092024 185000,56578.00000000,56589.66000000,56512.35000000,56559.01000000
04092024 185500,56559.00000000,56559.00000000,56468.93000000,56487.99000000
04092024 190000,56487.99000000,56700.00000000,56385.30000000,56680.44000000
04092024 190500,56680.44000000,56680.44000000,56319.41000000,56382.99000000
04092024 191000,56382.99000000,56628.68000000,56382.99000000,56415.00000000
04092024 191500,56415.00000000,56520.00000000,56358.00000000,56480.99000000
04092024 192000,56480.99000000,56537.00000000,56353.00000000,56421.10000000
04092024 192500,56421.10000000,56514.00000000,56386.00000000,56490.00000000
04092024 193000,56489.99000000,56496.99000000,56187.61000000,56384.00000000
04092024 193500,56383.99000000,56720.56000000,56265.01000000,56714.01000000
04092024 194000,56714.00000000,56742.00000000,56513.00000000,56569.99000000
04092024 194500,56570.00000000,56636.99000000,56319.99000000,56387.00000000
04092024 195000,56387.01000000,56450.00000000,56282.00000000,56366.29000000
04092024 195500,56366.29000000,56445.00000000,56282.00000000,56445.00000000
04092024 200000,56445.00000000,56648.00000000,56409.00000000,56647.99000000
04092024 200500,56648.00000000,56720.56000000,56529.01000000,56665.02000000
04092024 201000,56665.02000000,57101.00000000,56652.32000000,57089.87000000
04092024 201500,57089.88000000,57274.13000000,57033.70000000,57274.13000000
04092024 202000,57274.12000000,57581.40000000,57237.00000000,57413.00000000
04092024 202500,57413.00000000,57574.00000000,57402.05000000,57511.10000000
04092024 203000,57511.11000000,57738.09000000,57498.74000000,57677.99000000
04092024 203500,57677.99000000,57768.00000000,57447.97000000,57451.11000000
04092024 204000,57451.10000000,57504.00000000,57380.01000000,57468.00000000
04092024 204500,57468.00000000,57533.89000000,57365.00000000,57451.11000000
04092024 205000,57451.10000000,57522.48000000,57388.00000000,57522.48000000
04092024 205500,57522.47000000,57522.47000000,57376.00000000,57419.85000000
04092024 210000,57419.84000000,57620.71000000,57368.00000000,57593.00000000
04092024 210500,57593.00000000,57665.00000000,57515.00000000,57562.88000000
04092024 211000,57562.87000000,57809.00000000,57517.00000000,57787.40000000
04092024 211500,57787.39000000,58007.00000000,57787.39000000,57931.12000000
04092024 212000,57931.11000000,58106.00000000,57893.00000000,58082.77000000
04092024 212500,58082.77000000,58181.43000000,58012.00000000,58134.00000000
04092024 213000,58134.00000000,58441.10000000,58121.10000000,58241.10000000
04092024 213500,58241.10000000,58347.53000000,58137.49000000,58334.91000000
04092024 214000,58334.91000000,58369.88000000,58135.60000000,58154.00000000
